<iconset name="AAHS (1)" uid="488e85866ffcfa366515d95fb5d953edf5ef2dc105af1b95bd4c80def46ac0da" defaultGroup="AAHS" skipResize="false" version="1">
  <icon name="AAHS_FIRE_INCIDENT_BLUE.png" />
  <icon name="AAHS_FIRE_INCIDENT_RED.png" />
  <icon name="AAHS_FIRE_INCIDENT_YELLOW.png" />
  <icon name="AAHS_FIRE_OP_AIR_IG_COMPLETE.png" />
  <icon name="AAHS_FIRE_OP_AIR_IG_PLANNED.png" />
  <icon name="AAHS_FIRE_OP_FIRE_DIR.png" />
  <icon name="AAHS_FIRE_OP_HOT_SPOT_CONF.png" />
  <icon name="AAHS_FIRE_OP_HYDRANT.png" />
  <icon name="AAHS_FIRE_OP_ORIGIN_CONF.png" />
  <icon name="AAHS_FIRE_OP_ORIGIN_UNCONF.png" />
  <icon name="AAHS_FIRE_OP_PLANT_CONF.png" />
  <icon name="AAHS_FIRE_OP_PORT_COMS_CONF.png" />
  <icon name="AAHS_FIRE_OP_RAFT_CONF.png" />
  <icon name="AAHS_FIRE_OP_SPOT_FIRE_CONF.png" />
  <icon name="AAHS_FIRE_OP_SPOT_FIRE_UNCONF.png" />
  <icon name="AAHS_FIRE_OP_WATER_POINT.png" />
  <icon name="AAHS_FIRE_OP_WATER_PT_HELO_CONF.png" />
  <icon name="AAHS_FIRE_OP_WATER_PT_MV_CONF.png" />
  <icon name="AAHS_GEN_ASSET.png" />
  <icon name="AAHS_GEN_ASSET_DEF.png" />
  <icon name="AAHS_GEN_ASSET_FAUNA.png" />
  <icon name="AAHS_GEN_ASSET_FLORA.png" />
  <icon name="AAHS_GEN_ASSET_HAZMAT.png" />
  <icon name="AAHS_GEN_ASSET_HIST_SITE.png" />
  <icon name="AAHS_GEN_ASSET_INDIG_SITE.png" />
  <icon name="AAHS_GEN_ASSET_POT_DEF.png" />
  <icon name="AAHS_GEN_ASSET_POT_NOT_DEF.png" />
  <icon name="AAHS_GEN_ASSET_THREATENED.png" />
  <icon name="AAHS_GEN_INCIDENT_AIR_CONF.png" />
  <icon name="AAHS_GEN_INCIDENT_AIR_UNCONF.png" />
  <icon name="AAHS_GEN_INCIDENT_CONF.png" />
  <icon name="AAHS_GEN_INCIDENT_LANDSLIDE_CONF.png" />
  <icon name="AAHS_GEN_INCIDENT_LANDSLIDE_UNCONF.png" />
  <icon name="AAHS_GEN_INCIDENT_MARINE_CONF.png" />
  <icon name="AAHS_GEN_INCIDENT_MARINE_UNCONF.png" />
  <icon name="AAHS_GEN_INCIDENT_MV_CONF.png" />
  <icon name="AAHS_GEN_INCIDENT_MV_UNCONF.png" />
  <icon name="AAHS_GEN_INCIDENT_RAIL_CONF.png" />
  <icon name="AAHS_GEN_INCIDENT_RAIL_UNCONF.png" />
  <icon name="AAHS_GEN_INCIDENT_SSURG_CONF.png" />
  <icon name="AAHS_GEN_INCIDENT_SSURG_UNCONF.png" />
  <icon name="AAHS_GEN_INCIDENT_STORM_CONF.png" />
  <icon name="AAHS_GEN_INCIDENT_STORM_UNCONF.png" />
  <icon name="AAHS_GEN_INCIDENT_TC_CONF.png" />
  <icon name="AAHS_GEN_INCIDENT_TC_UNCONF.png" />
  <icon name="AAHS_GEN_INCIDENT_TSUNAMI_CONF.png" />
  <icon name="AAHS_GEN_INCIDENT_TSUNAMI_UNCONF.png" />
  <icon name="AAHS_GEN_INCIDENT_UNCONF.png" />
  <icon name="AAHS_GEN_OP_ACCESS_CONF.png" />
  <icon name="AAHS_GEN_OP_ACCESS_UNCONF.png" />
  <icon name="AAHS_GEN_OP_AIRBASE_CONF.png" />
  <icon name="AAHS_GEN_OP_AIRBASE_UNCONF.png" />
  <icon name="AAHS_GEN_OP_AMBULANCE_MV_CONF.png" />
  <icon name="AAHS_GEN_OP_AMBULANCE_MV_UNCONF.png" />
  <icon name="AAHS_GEN_OP_ANIM_SHELTER_CONF.png" />
  <icon name="AAHS_GEN_OP_ANIM_SHELTER_UNCONF.png" />
  <icon name="AAHS_GEN_OP_ASSEMBLE_CONF.png" />
  <icon name="AAHS_GEN_OP_ASSEMBLE_UNCONF.png" />
  <icon name="AAHS_GEN_OP_BASECAMP_CONF.png" />
  <icon name="AAHS_GEN_OP_BASECAMP_UNCONF.png" />
  <icon name="AAHS_GEN_OP_CTRL_CTR_CONF.png" />
  <icon name="AAHS_GEN_OP_CTRL_CTR_UNCONF.png" />
  <icon name="AAHS_GEN_OP_CTRL_PT_CONF.png" />
  <icon name="AAHS_GEN_OP_CTRL_PT_UNCONF.png" />
  <icon name="AAHS_GEN_OP_DIV_BOUNDRY.png" />
  <icon name="AAHS_GEN_OP_DIV_COM_CONF.png" />
  <icon name="AAHS_GEN_OP_DIV_COM_UNCONF.png" />
  <icon name="AAHS_GEN_OP_DROP_ZN_CONF.png" />
  <icon name="AAHS_GEN_OP_DROP_ZN_UNCONF.png" />
  <icon name="AAHS_GEN_OP_ESCP_ROUTE_CONF.png" />
  <icon name="AAHS_GEN_OP_ESCP_ROUTE_UNCONF.png" />
  <icon name="AAHS_GEN_OP_EVAC_AREA_CONF.png" />
  <icon name="AAHS_GEN_OP_EVAC_AREA_UNCONF.png" />
  <icon name="AAHS_GEN_OP_EVAC_CTR_CONF.png" />
  <icon name="AAHS_GEN_OP_EVAC_CTR_UNCONF.png" />
  <icon name="AAHS_GEN_OP_FIRE_APPLIANCE_CONF.png" />
  <icon name="AAHS_GEN_OP_FIRE_APPLIANCE_UNCONF.png" />
  <icon name="AAHS_GEN_OP_HELIBASE_CONF.png" />
  <icon name="AAHS_GEN_OP_HELIBASE_UNCONF.png" />
  <icon name="AAHS_GEN_OP_HELIPAD_CONF.png" />
  <icon name="AAHS_GEN_OP_HELIPAD_UNCONF.png" />
  <icon name="AAHS_GEN_OP_MEDICAL_CONF.png" />
  <icon name="AAHS_GEN_OP_MEDICAL_UNCONF.png" />
  <icon name="AAHS_GEN_OP_MOB_WEATHER_STN_CONF.png" />
  <icon name="AAHS_GEN_OP_MOB_WEATHER_STN_UNCONF.png" />
  <icon name="AAHS_GEN_OP_POLICE_MV_CONF.png" />
  <icon name="AAHS_GEN_OP_POLICE_MV_UNCONF.png" />
  <icon name="AAHS_GEN_OP_REFUGE_AREA_CONF.png" />
  <icon name="AAHS_GEN_OP_REFUGE_AREA_UNCONF.png" />
  <icon name="AAHS_GEN_OP_SCTR_BOUNDRY.png" />
  <icon name="AAHS_GEN_OP_SECT_CMND_CONF.png" />
  <icon name="AAHS_GEN_OP_SECT_CMND_UNCONF.png" />
  <icon name="AAHS_GEN_OP_SES_MV_CONF.png" />
  <icon name="AAHS_GEN_OP_SES_MV_UNCONF.png" />
  <icon name="AAHS_GEN_OP_STAGING_AREA_CONF.png" />
  <icon name="AAHS_GEN_OP_STAGING_AREA_UNCONF.png" />
  <icon name="AAHS_GEN_OP_TRAFFIC_CONT_PT_CONF.png" />
  <icon name="AAHS_GEN_OP_TRAFFIC_CONT_PT_UNCONF.png" />
  <icon name="AAHS_SES _INCIDENT_FLOOD.png" />
  <icon name="AAHS_SES _OPERATION_BOAT_RESCUE_CONF.png" />
  <icon name="AAHS_SES _OPERATION_BOAT_RESCUE_UNCONF.png" />
  <icon name="AAHS_SES _OPERATION_FLOOD_LIVESTOCK_CONF.png" />
  <icon name="AAHS_SES _OPERATION_FLOOD_LIVESTOCK_UNCONF.png" />
  <icon name="AAHS_SES _OPERATION_FLOOD_PROP_CONF.png" />
  <icon name="AAHS_SES _OPERATION_FLOOD_PROP_UNCONF.png" />
  <icon name="AAHS_SES _OPERATION_STORM_PROP_CONF.png" />
  <icon name="AAHS_SES _OPERATION_STORM_PROP_UNCONF.png" />
  <icon name="AAHS_SES _OPERATION_TREE_DOWN_CONF.png" />
  <icon name="AAHS_SES _OPERATION_TREE_DOWN_UNCONF.png" />
  <icon name="Ambulance_Facility_Main.png" />
  <icon name="Ambulance_Facility_Scale Dependent.png" />
  <icon name="Ambulance_Facility_Secondary.png" />
  <icon name="Apiary_Site.png" />
  <icon name="Containers_Overboard_Incident_Confirmed.png" />
  <icon name="Containers_Overboard_Incident_Unconfirmed.png" />
  <icon name="Containers_Sighted_Confirmed.png" />
  <icon name="Containers_Sighted_Unconfirmed.png" />
  <icon name="Decontamination_Site.png" />
  <icon name="Fire_Station_Main.png" />
  <icon name="Fire_Station_Scale_Dependent.png" />
  <icon name="Fire_Station_Secondary.png" />
  <icon name="Forward_Operating_Base.png" />
  <icon name="Gas_Leak_Confirmed.png" />
  <icon name="Gas_Leak_Unconfirmed.png" />
  <icon name="General_Observation.png" />
  <icon name="Hazard_Risk.png" />
  <icon name="Hoarder_High_Level_Fuel_Load.png" />
  <icon name="Life_Saving_Facility_Main.png" />
  <icon name="Life_Saving_Facility_Scale_Dependent.png" />
  <icon name="Life_Saving_Facility_Secondary.png" />
  <icon name="Oil_Spill_Incident_Confirmed.png" />
  <icon name="Oil_Spill_Incident_Unconfirmed.png" />
  <icon name="Oiled_Contamination_Point_Confirmed.png" />
  <icon name="Oiled_Contamination_Point_Unconfirmed.png" />
  <icon name="Oiled_Debris.png" />
  <icon name="Oiled_Wildlife_Confirmed.png" />
  <icon name="Oiled_Wildlife_Unconfirmed.png" />
  <icon name="Police_Facility_Main.png" />
  <icon name="Police_Facility_Scale_Dependent.png" />
  <icon name="Police_Facility_Secondary.png" />
  <icon name="Sample_Site.png" />
  <icon name="Segment_Assessment.png" />
  <icon name="SES_Facility_Main.png" />
  <icon name="SES_Facility_Scale_Dependent.png" />
  <icon name="SES_Facility_Secondary.png" />
  <icon name="Skimmer_Deployed.png" />
  <icon name="Skimmer_Planned.png" />
  <icon name="Temporary_Waste_Disposal_Site_Confirmed.png" />
  <icon name="Temporary_Waste_Disposal_Site_Unconfirmed.png" />
  <icon name="Wildlife_Response_Centre.png" />
</iconset>